{
    "Album": {
        "0": {
            "title": "Sunny day in the park",
            "date": 28,
            "month": "MAR",
            "year": 2018,
            "mainCategory": "Nature"
        },
        "1": {
            "title": "Funny dog",
            "date": 28,
            "month": "MAR",
            "year": 2018,
            "mainCategory": "Animals"
        },
        "2": {
            "title": "Stranger",
            "date": 28,
            "month": "MAR",
            "year": 2018,
            "mainCategory": "Portraits"
        },
        "3": {
            "title": "CLoudy day in the park",
            "date": 29,
            "month": "MAR",
            "year": 2018,
            "mainCategory": "Nature"
        },
        "4": {
            "title": "Funny dog",
            "date": 28,
            "month": "MAR",
            "year": 2018,
            "mainCategory": "Animals"
        },
        "5": {
            "title": "Stranger",
            "date": 28,
            "month": "MAR",
            "year": 2018,
            "mainCategory": "Portraits"
        },
        "6": {
            "title": "CLoudy day in the park",
            "date": 29,
            "month": "MAR",
            "year": 2018,
            "mainCategory": "Nature"
        },
        "7": {
            "title": "Sunny day in the park",
            "date": 28,
            "month": "MAR",
            "year": 2018,
            "mainCategory": "Nature"
        },
        "8": {
            "title": "Funny dog",
            "date": 28,
            "month": "MAR",
            "year": 2018,
            "mainCategory": "Animals"
        },
        "9": {
            "title": "Stranger",
            "date": 28,
            "month": "MAR",
            "year": 2018,
            "mainCategory": "Portraits"
        },
        "10": {
            "title": "CLoudy day in the park",
            "date": 29,
            "month": "MAR",
            "year": 2018,
            "mainCategory": "Nature"
        },
        "11": {
            "title": "Funny dog",
            "date": 28,
            "month": "MAR",
            "year": 2018,
            "mainCategory": "Animals"
        },
        "12": {
            "title": "Stranger",
            "date": 28,
            "month": "MAR",
            "year": 2018,
            "mainCategory": "Portraits"
        },
        "13": {
            "title": "CLoudy day in the park",
            "date": 29,
            "month": "MAR",
            "year": 2018,
            "mainCategory": "Nature"
        },
        "14": {
            "title": "Sunny day in the park",
            "date": 28,
            "month": "MAR",
            "year": 2018,
            "mainCategory": "Nature"
        },
        "15": {
            "title": "Funny dog",
            "date": 28,
            "month": "MAR",
            "year": 2018,
            "mainCategory": "Animals"
        },
        "16": {
            "title": "Stranger",
            "date": 28,
            "month": "MAR",
            "year": 2018,
            "mainCategory": "Portraits"
        },
        "17": {
            "title": "CLoudy day in the park",
            "date": 29,
            "month": "MAR",
            "year": 2018,
            "mainCategory": "Nature"
        },
        "18": {
            "title": "Funny dog",
            "date": 28,
            "month": "MAR",
            "year": 2018,
            "mainCategory": "Animals"
        },
        "19": {
            "title": "Stranger",
            "date": 28,
            "month": "MAR",
            "year": 2018,
            "mainCategory": "Portraits"
        },
        "20": {
            "title": "CLoudy day in the park",
            "date": 29,
            "month": "MAR",
            "year": 2018,
            "mainCategory": "Nature"
        },
        "21": {
            "title": "Sunny day in the park",
            "date": 28,
            "month": "MAR",
            "year": 2018,
            "mainCategory": "Nature"
        },
        "22": {
            "title": "Funny dog",
            "date": 28,
            "month": "MAR",
            "year": 2018,
            "mainCategory": "Animals"
        },
        "23": {
            "title": "Stranger",
            "date": 28,
            "month": "MAR",
            "year": 2018,
            "mainCategory": "Portraits"
        },
        "24": {
            "title": "CLoudy day in the park",
            "date": 29,
            "month": "MAR",
            "year": 2018,
            "mainCategory": "Nature"
        },
        "25": {
            "title": "Funny dog",
            "date": 28,
            "month": "MAR",
            "year": 2018,
            "mainCategory": "Animals"
        },
        "26": {
            "title": "Stranger",
            "date": 28,
            "month": "MAR",
            "year": 2018,
            "mainCategory": "Portraits"
        },
        "27": {
            "title": "CLoudy day in the park",
            "date": 29,
            "month": "MAR",
            "year": 2018,
            "mainCategory": "Nature"
        }
    }
}


